{
  "required": true,
  "minVersion": "0.7.11",
  "package": "net.ccbluex.liquidbounce.injection.forge.mixins",
  "refmap": "mixins.fdpclient.refmap.json",
  "compatibilityLevel": "JAVA_8",
  "mixins": [
    "block.MixinBlock",
    "block.MixinBlockAnvil",
    "block.MixinBlockModelRenderer",
    "block.MixinBlockSoulSand",
    "client.MixinEnumFacing",
    "client.MixinItemStack",
    "client.MixinLanguageManager",
    "client.MixinMinecraft",
    "client.MixinResourcePackRepository",
    "client.MixinWorldClient",
    "entity.MixinAbstractClientPlayer",
    "entity.MixinEntity",
    "entity.MixinEntityLivingBase",
    "entity.MixinEntityPlayer",
    "entity.MixinEntityPlayerSP",
    "entity.MixinPlayerControllerMP",
    "gui.MixinGuiButton",
    "gui.MixinGuiButtonExt",
    "gui.MixinGuiChat",
    "gui.MixinGuiConnecting",
    "gui.MixinGuiContainer",
    "gui.MixinGuiDisconnected",
    "gui.MixinGuiInGame",
    "gui.MixinGuiIngameMenu",
    "gui.MixinGuiMultiplayer",
    "gui.MixinServerListEntryNormal",
    "gui.MixinGuiNewChat",
    "gui.MixinGuiScreen",
    "gui.MixinGuiSpectator",
    "gui.MixinGuiTextField",
    "network.MixinC00Handshake",
    "network.MixinNetHandlerPlayClient",
    "network.MixinNetworkManager",
    "performance.MixinBlock",
    "performance.MixinChunk",
    "performance.MixinWorld",
    "performance.MixinWorldManager",
    "render.MixinEffectRenderer",
    "render.MixinEntityRenderer",
    "render.MixinFontRenderer",
    "render.MixinItemRenderer",
    "render.MixinLayerHeldItem",
    "render.MixinModelBiped",
    "render.MixinRenderEntityItem",
    "render.MixinRendererLivingEntity",
    "render.MixinRenderItem",
    "render.MixinTileEntityChestRenderer",
    "render.MixinTileEntityItemStackRenderer",
    "render.MixinTileEntityMobSpawnerRenderer",
    "render.MixinTileEntityRendererDispatcher",
    "render.MixinVisGraph"
  ],
  "client": [
    "gui.MixinGui",
    "gui.MixinGuiKeyBindingList",
    "gui.MixinGuiPlayerTabOverlay",
    "gui.MixinGuiSlot",
    "performance.MixinEntityFX",
    "performance.MixinRenderGlobal",
    "render.MixinLayerArmorBase",
    "render.MixinRender"
  ]
}
